# ************************************************************
# Sequel Pro SQL dump
# Version 4096
#
# http://www.sequelpro.com/
# http://code.google.com/p/sequel-pro/
#
# Host: 127.0.0.1 (MySQL 5.5.15-log)
# Database: posapp
# Generation Time: 2013-09-20 00:23:13 +0000
# ************************************************************


/*!40101 SET @OLD_CHARACTER_SET_CLIENT=@@CHARACTER_SET_CLIENT */;
/*!40101 SET @OLD_CHARACTER_SET_RESULTS=@@CHARACTER_SET_RESULTS */;
/*!40101 SET @OLD_COLLATION_CONNECTION=@@COLLATION_CONNECTION */;
/*!40101 SET NAMES utf8 */;
/*!40014 SET @OLD_FOREIGN_KEY_CHECKS=@@FOREIGN_KEY_CHECKS, FOREIGN_KEY_CHECKS=0 */;
/*!40101 SET @OLD_SQL_MODE=@@SQL_MODE, SQL_MODE='NO_AUTO_VALUE_ON_ZERO' */;
/*!40111 SET @OLD_SQL_NOTES=@@SQL_NOTES, SQL_NOTES=0 */;


# Dump of table line_items
# ------------------------------------------------------------

DROP TABLE IF EXISTS `line_items`;

CREATE TABLE `line_items` (
  `id` int(10) unsigned NOT NULL AUTO_INCREMENT,
  `stock_item_id` int(11) NOT NULL,
  `stocktake_id` int(11) DEFAULT NULL,
  `created_at` timestamp NOT NULL DEFAULT '0000-00-00 00:00:00',
  `updated_at` timestamp NOT NULL DEFAULT '0000-00-00 00:00:00',
  PRIMARY KEY (`id`)
) ENGINE=InnoDB DEFAULT CHARSET=utf8 COLLATE=utf8_unicode_ci;

LOCK TABLES `line_items` WRITE;
/*!40000 ALTER TABLE `line_items` DISABLE KEYS */;

INSERT INTO `line_items` (`id`, `stock_item_id`, `stocktake_id`, `created_at`, `updated_at`)
VALUES
	(1,141,1,'2013-09-06 09:44:34','2013-09-10 08:51:50'),
	(5,141,1,'2013-09-06 09:45:28','2013-09-10 08:51:50'),
	(9,437,5,'2013-09-18 08:43:34','2013-09-18 08:44:25'),
	(13,485,5,'2013-09-18 08:43:58','2013-09-18 08:44:25'),
	(17,449,5,'2013-09-18 08:44:03','2013-09-18 08:44:25'),
	(21,585,5,'2013-09-18 08:44:07','2013-09-18 08:44:25'),
	(25,525,5,'2013-09-18 08:44:13','2013-09-18 08:44:25'),
	(29,449,9,'2013-09-18 08:45:19','2013-09-18 08:50:29'),
	(33,525,9,'2013-09-18 08:45:30','2013-09-18 08:50:29'),
	(37,469,9,'2013-09-18 08:45:35','2013-09-18 08:50:29'),
	(41,473,9,'2013-09-18 08:45:40','2013-09-18 08:50:29'),
	(45,589,9,'2013-09-18 08:45:44','2013-09-18 08:50:29'),
	(49,585,9,'2013-09-18 08:45:49','2013-09-18 08:50:29'),
	(53,501,9,'2013-09-18 08:45:52','2013-09-18 08:50:29'),
	(57,505,9,'2013-09-18 08:45:54','2013-09-18 08:50:29'),
	(61,521,9,'2013-09-18 08:45:57','2013-09-18 08:50:29'),
	(65,601,9,'2013-09-18 08:46:09','2013-09-18 08:50:29'),
	(69,613,9,'2013-09-18 08:46:40','2013-09-18 08:50:29'),
	(73,605,9,'2013-09-18 08:46:46','2013-09-18 08:50:29'),
	(77,609,9,'2013-09-18 08:47:40','2013-09-18 08:50:29'),
	(81,597,9,'2013-09-18 08:47:46','2013-09-18 08:50:29'),
	(85,537,9,'2013-09-18 08:47:51','2013-09-18 08:50:29'),
	(89,485,9,'2013-09-18 08:47:56','2013-09-18 08:50:29'),
	(93,437,9,'2013-09-18 08:48:01','2013-09-18 08:50:29'),
	(97,593,9,'2013-09-18 08:48:09','2013-09-18 08:50:29'),
	(101,445,9,'2013-09-18 08:48:14','2013-09-18 08:50:29'),
	(105,493,9,'2013-09-18 08:48:19','2013-09-18 08:50:29'),
	(109,497,9,'2013-09-18 08:48:24','2013-09-18 08:50:29'),
	(113,513,9,'2013-09-18 08:48:29','2013-09-18 08:50:29'),
	(117,517,9,'2013-09-18 08:48:33','2013-09-18 08:50:29'),
	(121,441,9,'2013-09-18 08:48:40','2013-09-18 08:50:29'),
	(125,457,9,'2013-09-18 08:48:46','2013-09-18 08:50:29'),
	(129,621,9,'2013-09-18 08:49:12','2013-09-18 08:50:29'),
	(133,617,9,'2013-09-18 08:49:18','2013-09-18 08:50:29'),
	(137,465,9,'2013-09-18 08:49:32','2013-09-18 08:50:29'),
	(141,529,9,'2013-09-18 08:49:50','2013-09-18 08:50:29'),
	(145,489,9,'2013-09-18 08:49:59','2013-09-18 08:50:29'),
	(149,461,9,'2013-09-18 08:50:04','2013-09-18 08:50:29'),
	(153,549,9,'2013-09-18 08:50:10','2013-09-18 08:50:29'),
	(157,573,9,'2013-09-18 08:50:15','2013-09-18 08:50:29'),
	(161,557,9,'2013-09-18 08:50:20','2013-09-18 08:50:29'),
	(165,473,13,'2013-09-18 08:56:57','2013-09-18 08:57:20'),
	(169,525,13,'2013-09-18 08:57:02','2013-09-18 08:57:20'),
	(173,469,13,'2013-09-18 08:57:08','2013-09-18 08:57:20'),
	(177,589,13,'2013-09-18 08:57:13','2013-09-18 08:57:20'),
	(181,449,17,'2013-09-18 09:00:37','2013-09-18 09:05:01'),
	(185,593,17,'2013-09-18 09:00:41','2013-09-18 09:05:01'),
	(189,585,17,'2013-09-18 09:00:44','2013-09-18 09:05:01'),
	(193,589,17,'2013-09-18 09:00:50','2013-09-18 09:05:01'),
	(197,469,17,'2013-09-18 09:00:56','2013-09-18 09:05:01'),
	(201,525,17,'2013-09-18 09:01:01','2013-09-18 09:05:01'),
	(205,473,17,'2013-09-18 09:01:07','2013-09-18 09:05:01'),
	(209,589,17,'2013-09-18 09:01:17','2013-09-18 09:05:01'),
	(213,501,17,'2013-09-18 09:01:28','2013-09-18 09:05:01'),
	(217,505,17,'2013-09-18 09:01:34','2013-09-18 09:05:01'),
	(221,521,17,'2013-09-18 09:01:41','2013-09-18 09:05:01'),
	(225,601,17,'2013-09-18 09:01:49','2013-09-18 09:05:01'),
	(229,605,17,'2013-09-18 09:01:56','2013-09-18 09:05:01'),
	(233,613,17,'2013-09-18 09:02:01','2013-09-18 09:05:01'),
	(237,609,17,'2013-09-18 09:02:09','2013-09-18 09:05:01'),
	(241,597,17,'2013-09-18 09:02:15','2013-09-18 09:05:01'),
	(245,537,17,'2013-09-18 09:02:19','2013-09-18 09:05:01'),
	(249,437,17,'2013-09-18 09:02:26','2013-09-18 09:05:01'),
	(253,485,17,'2013-09-18 09:02:30','2013-09-18 09:05:01'),
	(257,445,17,'2013-09-18 09:02:36','2013-09-18 09:05:01'),
	(261,493,17,'2013-09-18 09:02:40','2013-09-18 09:05:01'),
	(265,497,17,'2013-09-18 09:02:44','2013-09-18 09:05:01'),
	(269,513,17,'2013-09-18 09:02:49','2013-09-18 09:05:01'),
	(273,517,17,'2013-09-18 09:02:54','2013-09-18 09:05:01'),
	(277,457,17,'2013-09-18 09:02:59','2013-09-18 09:05:01'),
	(281,441,17,'2013-09-18 09:03:04','2013-09-18 09:05:01'),
	(285,465,17,'2013-09-18 09:03:16','2013-09-18 09:05:01'),
	(289,529,17,'2013-09-18 09:03:24','2013-09-18 09:05:01'),
	(293,489,17,'2013-09-18 09:03:29','2013-09-18 09:05:01'),
	(297,461,17,'2013-09-18 09:03:35','2013-09-18 09:05:01'),
	(301,549,17,'2013-09-18 09:03:39','2013-09-18 09:05:01'),
	(305,573,17,'2013-09-18 09:03:44','2013-09-18 09:05:01'),
	(309,557,17,'2013-09-18 09:03:49','2013-09-18 09:05:01'),
	(313,621,17,'2013-09-18 09:03:54','2013-09-18 09:05:01'),
	(317,617,17,'2013-09-18 09:03:59','2013-09-18 09:05:01'),
	(321,577,17,'2013-09-18 09:04:07','2013-09-18 09:05:01'),
	(325,533,17,'2013-09-18 09:04:11','2013-09-18 09:05:01'),
	(329,561,17,'2013-09-18 09:04:17','2013-09-18 09:05:01'),
	(333,633,17,'2013-09-18 09:04:21','2013-09-18 09:05:01'),
	(337,565,17,'2013-09-18 09:04:25','2013-09-18 09:05:01'),
	(341,629,17,'2013-09-18 09:04:33','2013-09-18 09:05:01'),
	(345,625,17,'2013-09-18 09:04:37','2013-09-18 09:05:01'),
	(349,541,17,'2013-09-18 09:04:42','2013-09-18 09:05:01'),
	(353,797,NULL,'2013-09-18 16:07:00','2013-09-18 16:07:00'),
	(357,785,NULL,'2013-09-18 16:07:11','2013-09-18 16:07:11');

/*!40000 ALTER TABLE `line_items` ENABLE KEYS */;
UNLOCK TABLES;


# Dump of table migrations
# ------------------------------------------------------------

DROP TABLE IF EXISTS `migrations`;

CREATE TABLE `migrations` (
  `migration` varchar(255) COLLATE utf8_unicode_ci NOT NULL,
  `batch` int(11) NOT NULL
) ENGINE=InnoDB DEFAULT CHARSET=utf8 COLLATE=utf8_unicode_ci;

LOCK TABLES `migrations` WRITE;
/*!40000 ALTER TABLE `migrations` DISABLE KEYS */;

INSERT INTO `migrations` (`migration`, `batch`)
VALUES
	('2013_08_09_052321_create_stock_items_table',1),
	('2013_08_12_083207_transactions',1),
	('2013_08_14_230858_line_items',1),
	('2013_08_20_231326_create_stocktake_table',1);

/*!40000 ALTER TABLE `migrations` ENABLE KEYS */;
UNLOCK TABLES;


# Dump of table stock_items
# ------------------------------------------------------------

DROP TABLE IF EXISTS `stock_items`;

CREATE TABLE `stock_items` (
  `id` int(10) unsigned NOT NULL AUTO_INCREMENT,
  `stock_number` varchar(11) COLLATE utf8_unicode_ci NOT NULL DEFAULT '',
  `stock_description` text COLLATE utf8_unicode_ci NOT NULL,
  `listed` tinyint(1) NOT NULL,
  `sold` tinyint(1) NOT NULL,
  `image` varchar(255) COLLATE utf8_unicode_ci DEFAULT NULL,
  `sale_price` int(11) NOT NULL,
  `transaction_id` int(11) DEFAULT NULL,
  `account` varchar(255) COLLATE utf8_unicode_ci DEFAULT NULL,
  `created_at` timestamp NOT NULL DEFAULT '0000-00-00 00:00:00',
  `updated_at` timestamp NOT NULL DEFAULT '0000-00-00 00:00:00',
  `sent` tinyint(1) DEFAULT '0',
  PRIMARY KEY (`id`)
) ENGINE=InnoDB DEFAULT CHARSET=utf8 COLLATE=utf8_unicode_ci;

LOCK TABLES `stock_items` WRITE;
/*!40000 ALTER TABLE `stock_items` DISABLE KEYS */;

INSERT INTO `stock_items` (`id`, `stock_number`, `stock_description`, `listed`, `sold`, `image`, `sale_price`, `transaction_id`, `account`, `created_at`, `updated_at`, `sent`)
VALUES
	(1,'405004','Acer Tablet',0,0,NULL,99,NULL,NULL,'2013-09-03 09:49:59','2013-09-06 12:54:56',1),
	(5,'404994','Ipad White',0,0,NULL,319,NULL,NULL,'2013-09-03 09:50:29','2013-09-06 12:54:56',1),
	(9,'405024','Momentum Bike',0,0,NULL,60,NULL,NULL,'2013-09-03 10:09:04','2013-09-06 12:54:56',1),
	(13,'405023','Electric Wheelchair',0,0,NULL,600,NULL,NULL,'2013-09-03 10:13:58','2013-09-06 12:54:56',1),
	(17,'404361','Nikon Lens',0,0,NULL,49,NULL,NULL,'2013-09-03 11:23:52','2013-09-06 12:54:56',1),
	(21,'m1574','Altered Beast',0,0,NULL,8,NULL,NULL,'2013-09-03 11:35:37','2013-09-06 12:54:56',1),
	(25,'383381','Joytek Controller',0,0,NULL,12,NULL,NULL,'2013-09-03 11:39:25','2013-09-06 12:54:56',1),
	(29,'m1575','Games Calculator',0,0,NULL,6,NULL,NULL,'2013-09-03 11:42:36','2013-09-06 12:54:56',1),
	(33,'404983','Delonghi Heater',0,0,NULL,15,NULL,NULL,'2013-09-03 11:43:17','2013-09-06 12:54:56',1),
	(37,'401183','Toshiba Laptop',0,0,NULL,199,NULL,NULL,'2013-09-03 11:48:00','2013-09-06 12:54:56',1),
	(41,'404927','HP Mini Laptop',0,0,NULL,189,NULL,NULL,'2013-09-03 11:51:55','2013-09-06 12:54:56',1),
	(45,'399385','Bush Set Top Box No Remote',0,0,NULL,10,NULL,NULL,'2013-09-03 12:06:41','2013-09-06 12:54:56',1),
	(49,'390059','Navman EZY 15',0,0,NULL,49,NULL,NULL,'2013-09-03 12:13:20','2013-09-06 12:54:56',1),
	(53,'393446','Soft Touch Kid Kit',0,0,NULL,10,NULL,NULL,'2013-09-03 12:14:45','2013-09-06 12:54:56',1),
	(57,'383766','Benq Monitor',0,0,NULL,49,NULL,NULL,'2013-09-03 12:15:36','2013-09-06 12:54:56',1),
	(61,'403381','Air Compressor',0,0,NULL,25,NULL,NULL,'2013-09-03 12:17:07','2013-09-06 12:54:56',1),
	(65,'399918','Toshiba Laptop',0,0,NULL,429,NULL,NULL,'2013-09-03 12:22:58','2013-09-06 12:54:56',1),
	(69,'401182','Kogan Tablet',0,0,NULL,139,NULL,NULL,'2013-09-03 12:29:30','2013-09-06 12:54:56',1),
	(73,'361192','Logitech Dock No Charger',0,0,NULL,29,NULL,NULL,'2013-09-03 12:30:45','2013-09-06 12:54:56',1),
	(77,'381641','Dlink Modem No Charger',0,0,NULL,4,NULL,NULL,'2013-09-03 12:32:28','2013-09-06 12:54:56',1),
	(81,'389396','Bush Ipod Dock Not Working',0,0,NULL,1,NULL,NULL,'2013-09-03 12:35:03','2013-09-06 12:54:56',1),
	(85,'m1576','Uniden Phone No ACC',0,0,NULL,1,NULL,NULL,'2013-09-03 12:49:56','2013-09-06 12:54:56',1),
	(89,'402064','Apple Ipod Shuffle Not Charging',0,0,NULL,29,NULL,NULL,'2013-09-03 12:50:38','2013-09-06 12:54:56',1),
	(93,'394015','Precision Headphones Not Working',0,0,NULL,1,NULL,NULL,'2013-09-03 12:51:22','2013-09-06 12:54:56',1),
	(97,'m1577','Cateye Velo No ACC',0,0,NULL,1,NULL,NULL,'2013-09-03 12:52:50','2013-09-06 12:54:56',1),
	(101,'m1578','Nokia M-Series Phone No ACC',0,0,NULL,1,NULL,NULL,'2013-09-03 12:53:50','2013-09-06 12:54:56',1),
	(105,'377533','Nokia Mobile No ACC',0,0,NULL,1,NULL,NULL,'2013-09-03 12:54:58','2013-09-06 12:54:56',1),
	(109,'302626','Ramset Drillbit',0,0,NULL,19,NULL,NULL,'2013-09-03 12:55:34','2013-09-06 12:54:56',1),
	(113,'354314','Tasco Binoculars',0,0,NULL,1,NULL,NULL,'2013-09-03 12:56:21','2013-09-06 12:54:56',1),
	(117,'m1579','Scooter Front Wheel Broken',0,0,NULL,1,NULL,NULL,'2013-09-03 12:59:06','2013-09-06 12:54:56',1),
	(121,'404288','Game: Xbox 360 Halo 3',0,0,NULL,8,NULL,NULL,'2013-09-05 09:54:21','2013-09-06 12:54:56',1),
	(125,'404276','Game: Lego Indiana Jones',0,0,NULL,8,NULL,NULL,'2013-09-05 10:11:24','2013-09-06 12:54:56',1),
	(129,'405516','Bike: Eiger Challenge (Broken)',0,0,NULL,25,NULL,NULL,'2013-09-05 10:23:37','2013-09-06 12:54:56',1),
	(133,'360710','Model Train Speed Controller',0,0,NULL,59,NULL,NULL,'2013-09-05 11:52:48','2013-09-06 12:54:56',1),
	(137,'405557','Meccano Junior, Kit 5793',0,0,NULL,60,NULL,NULL,'2013-09-05 13:00:04','2013-09-06 12:54:56',1),
	(141,'405137','Exercise Equipment: AB Roller',0,0,NULL,29,NULL,NULL,'2013-09-05 13:07:24','2013-09-06 12:54:56',1),
	(145,'398549','Bike: Cyclops Torsion',0,0,NULL,39,NULL,NULL,'2013-09-06 11:38:11','2013-09-06 12:54:56',1),
	(149,'333239','Bike: Merida Matts',0,0,NULL,139,NULL,NULL,'2013-09-06 11:38:50','2013-09-06 12:54:56',1),
	(153,'389645','Console: PS3 500Gb Slim (In Box)',0,0,NULL,289,NULL,NULL,'2013-09-06 12:21:47','2013-09-14 15:39:27',1),
	(157,'403513','Console: PS3 320Gb (In Box)',0,0,NULL,229,NULL,NULL,'2013-09-06 12:22:33','2013-09-14 15:39:27',1),
	(161,'402384','Game Gear: Wii Fit Plus Board (In Box)',0,0,NULL,59,NULL,NULL,'2013-09-06 12:25:40','2013-09-14 15:39:27',1),
	(165,'401908','Console: PS3 12Gb Slim (In Box)',0,0,NULL,199,NULL,NULL,'2013-09-06 12:29:42','2013-09-14 15:39:27',1),
	(169,'397895','Headphones: Sennhiser HD205',0,0,NULL,45,NULL,NULL,'2013-09-07 10:51:43','2013-09-14 15:39:27',1),
	(173,'406254','Game Gear: Xbox Remote (No Receiver)',0,0,NULL,8,NULL,NULL,'2013-09-07 10:52:47','2013-09-14 15:39:27',1),
	(177,'394424','DVD Set: The Wire, S1 (Missing Disc 2)',0,0,NULL,10,NULL,NULL,'2013-09-07 10:54:35','2013-09-14 15:39:27',1),
	(181,'390258','Juicer Homemaker JC101 (Missing Container)',0,0,NULL,25,NULL,NULL,'2013-09-07 10:57:59','2013-09-14 15:39:27',1),
	(185,'402625','Mobile: Nokia N800 (Broken Case)',0,0,NULL,119,NULL,NULL,'2013-09-07 10:58:30','2013-09-14 15:39:27',1),
	(189,'403907','DVD: Antarctica (Gay!)',0,0,NULL,2,NULL,NULL,'2013-09-07 11:01:02','2013-09-14 15:39:27',1),
	(193,'387045','Fishing Reel: Cavalier 500',0,0,NULL,26,NULL,NULL,'2013-09-10 13:25:29','2013-09-14 15:39:27',1),
	(197,'401063','PC Gear: Belkin F5K004au + Mouse (No Receiver)',0,0,NULL,19,NULL,NULL,'2013-09-10 13:36:15','2013-09-14 15:39:27',1),
	(201,'396567','Digital Set Top Box: DigiCrystal DSD1 (No Remote)',0,0,NULL,12,NULL,NULL,'2013-09-10 13:37:53','2013-09-14 15:39:27',1),
	(209,'401062','Camera: Sony DSC-5700 (Not Working)',0,0,NULL,19,NULL,NULL,'2013-09-10 13:57:33','2013-09-14 15:39:27',1),
	(213,'403365','Game Console: Xbox 360 1st Gen - Core Version (Red Ring)',0,0,NULL,59,NULL,NULL,'2013-09-10 15:39:50','2013-09-14 15:39:27',1),
	(217,'406544','Game: Halo 3 ODST (Disc are scratched)',0,0,NULL,10,NULL,NULL,'2013-09-10 16:41:58','2013-09-14 15:39:27',1),
	(221,'253617','Speakers: Acer MS1238ua',0,0,NULL,15,NULL,NULL,'2013-09-10 16:53:16','2013-09-14 15:39:27',1),
	(225,'396897','Mobile: Samsung S2 (Screen Dark)',0,0,NULL,160,NULL,NULL,'2013-09-11 13:23:33','2013-09-14 15:39:27',1),
	(229,'401362','GPS: MIO c520 (Not Turning On)',0,0,NULL,29,NULL,NULL,'2013-09-11 13:36:11','2013-09-14 15:30:56',1),
	(233,'401645','Mobile: Samsung f480i 9Not Charging)',0,0,NULL,49,NULL,NULL,'2013-09-11 16:35:51','2013-09-14 15:30:56',1),
	(237,'400382','Mobile: Sony W395 Hello Kitty Edition ( Not turning on all the time)',0,0,NULL,69,NULL,NULL,'2013-09-11 16:45:22','2013-09-14 15:30:56',1),
	(241,'400347','Bike: Cinelli Mash Bolt',0,0,NULL,999,NULL,NULL,'2013-09-12 09:36:44','2013-09-14 15:30:56',1),
	(245,'392787','Bike: Apollo Shift',0,0,NULL,199,NULL,NULL,'2013-09-12 09:51:31','2013-09-14 15:30:56',1),
	(249,'403547','Tennis Raquet: Prince',0,0,NULL,15,NULL,NULL,'2013-09-12 09:57:39','2013-09-14 15:30:56',1),
	(253,'403548','Tennis Raquet: Wilson Titanium 25',0,0,NULL,15,NULL,NULL,'2013-09-12 09:59:43','2013-09-14 15:30:56',1),
	(257,'405956','Scales: Spartan',0,0,NULL,99,NULL,NULL,'2013-09-12 10:04:05','2013-09-14 15:30:56',1),
	(261,'404387','Skateboard: Ripstick Orange',0,0,NULL,19,NULL,NULL,'2013-09-12 10:05:32','2013-09-14 15:30:56',1),
	(265,'404388','Skateboard: Ripstick Blue',0,0,NULL,19,NULL,NULL,'2013-09-12 10:05:57','2013-09-14 15:30:56',1),
	(269,'401942','Laptop: HP DV6500 (OS Reinstall)',0,0,NULL,229,NULL,NULL,'2013-09-12 10:11:57','2013-09-14 15:30:56',1),
	(273,'405894','Game Console: Xbox 360 4Gb (Cracked on Side)',0,0,NULL,105,NULL,NULL,'2013-09-12 10:30:54','2013-09-14 15:30:56',1),
	(277,'372547','iPod: a1204 Pink',0,0,NULL,29,NULL,NULL,'2013-09-12 10:33:42','2013-09-14 15:30:56',1),
	(281,'401885','Table Saw: Makita MLT100',0,0,NULL,299,NULL,NULL,'2013-09-12 11:11:43','2013-09-14 15:30:56',1),
	(285,'402792','Game Gear: Guitar Hero Drum Kit',0,0,NULL,25,NULL,NULL,'2013-09-12 11:15:04','2013-09-14 15:30:56',1),
	(289,'404804','Speedball Far & Near',0,0,NULL,12,NULL,NULL,'2013-09-12 11:23:07','2013-09-14 15:30:56',1),
	(293,'402790','Game Gear: Guitar Hero Drum Kit',0,0,NULL,25,NULL,NULL,'2013-09-12 11:24:15','2013-09-14 15:30:56',1),
	(297,'401791','Toolbox: Geelong C105B',0,0,NULL,149,NULL,NULL,'2013-09-12 11:26:27','2013-09-14 15:30:56',1),
	(301,'405874','Heater: abode 11 fin oil',0,0,NULL,19,NULL,NULL,'2013-09-12 12:37:18','2013-09-14 15:30:56',1),
	(305,'402480','Heater: Kambrook KPH200',0,0,NULL,12,NULL,NULL,'2013-09-12 13:39:16','2013-09-14 15:30:56',1),
	(309,'390426','Golf Clubs: Couger ',0,0,NULL,242,NULL,NULL,'2013-09-12 14:01:43','2013-09-14 15:30:56',1),
	(313,'404028','Sufboard: Ralph Biddle',0,0,NULL,39,NULL,NULL,'2013-09-12 14:09:22','2013-09-14 15:30:56',1),
	(317,'404882','Sufboard: Wayne Mackewen, Mt.Woodgee',0,0,NULL,129,NULL,NULL,'2013-09-12 14:11:12','2013-09-14 15:30:56',1),
	(321,'402838','Sufboard: Jack Kight Tyron',0,0,NULL,299,NULL,NULL,'2013-09-12 14:14:13','2013-09-14 15:30:56',1),
	(325,'406975','Sufboard: Cover Billabong',0,0,NULL,39,NULL,NULL,'2013-09-12 14:21:33','2013-09-14 15:30:56',1),
	(329,'403507','Mobile Gear: LG Wireless Display Adapter',0,0,NULL,39,NULL,NULL,'2013-09-12 14:56:22','2013-09-14 15:30:56',1),
	(333,'404908','Mobile: iPhone 4, 16Gb (Not connecting to any Networks)',0,0,NULL,329,NULL,NULL,'2013-09-12 14:59:28','2013-09-14 15:30:56',1),
	(337,'391367','Golf Clubs: Paax TR1210',0,0,NULL,69,NULL,NULL,'2013-09-12 16:07:10','2013-09-14 15:30:56',1),
	(341,'406985','Golf Club: Aldila NV Hybrid 85-S',0,0,NULL,25,NULL,NULL,'2013-09-12 16:11:39','2013-09-14 15:30:56',1),
	(345,'369632','Laser Level: Topcon AT-F6',0,0,NULL,299,NULL,NULL,'2013-09-12 16:20:58','2013-09-14 15:30:56',1),
	(349,'382840','Laser Level: Pentax A',0,0,NULL,169,NULL,NULL,'2013-09-12 16:53:38','2013-09-14 15:30:56',1),
	(353,'406993','Fish Tank + Extra Stuff',0,0,NULL,29,NULL,NULL,'2013-09-13 09:19:27','2013-09-14 15:30:56',1),
	(357,'406994','Fish Tank + Extra Stuff',0,0,NULL,29,NULL,NULL,'2013-09-13 09:19:41','2013-09-14 15:30:56',1),
	(361,'399539','Game Gear: Guitar Hero Drum Kit',0,0,NULL,25,NULL,NULL,'2013-09-13 09:50:52','2013-09-14 15:30:56',1),
	(365,'399160','Multifunction Trolley',0,0,NULL,29,NULL,NULL,'2013-09-13 09:53:32','2013-09-14 15:30:56',1),
	(369,'403066','Prostyle Fitness',0,0,NULL,19,NULL,NULL,'2013-09-13 10:02:48','2013-09-14 15:30:56',1),
	(373,'404429','Mobile: Sony Ericsson X10i (Bad Battery)',0,0,NULL,119,NULL,NULL,'2013-09-13 11:21:54','2013-09-13 11:21:54',0),
	(377,'397557','Video Camera: Digital Camcorder (New)',0,0,NULL,29,NULL,NULL,'2013-09-13 11:43:50','2013-09-13 11:43:50',0),
	(381,'393441','Video Camera: MiCam 5Mp Underwater HD',0,0,NULL,59,NULL,NULL,'2013-09-13 11:44:41','2013-09-13 11:44:41',0),
	(385,'398749','Mobile: Blackberry 8520 (Not Charging)',0,0,NULL,79,NULL,NULL,'2013-09-13 13:56:48','2013-09-13 13:56:48',0),
	(389,'400222','Tablet: Asus TF300T + Keyboard (Headphone Jack, mono only)',0,0,NULL,199,NULL,NULL,'2013-09-13 14:04:47','2013-09-13 14:04:47',0),
	(393,'406662','Hair Styler: GHD 50',0,0,NULL,69,NULL,NULL,'2013-09-13 14:27:47','2013-09-13 14:27:47',0),
	(397,'406300','Heater: Kambrook KOH6',0,0,NULL,12,NULL,NULL,'2013-09-13 14:32:15','2013-09-13 14:32:15',0),
	(401,'406663','Hair Dryer: GHD HD784',0,0,NULL,49,NULL,NULL,'2013-09-13 14:47:57','2013-09-13 14:47:57',0),
	(405,'404533','Laptop: Acer MS2138',0,0,NULL,59,NULL,NULL,'2013-09-13 15:00:59','2013-09-13 15:00:59',0),
	(409,'403276','Laptop: Toshiba PSAC1A045005 (Battery Lasts only mins)',0,0,NULL,89,NULL,NULL,'2013-09-13 15:04:30','2013-09-13 15:04:30',0),
	(413,'403536','Heater: Homermaker HMD32',0,0,NULL,25,NULL,NULL,'2013-09-13 16:12:42','2013-09-13 16:12:42',0),
	(417,'405552','Mobile: iPhone A1241 - 16Gb (Can\'t update to use network internet)',0,0,NULL,179,NULL,NULL,'2013-09-14 10:09:54','2013-09-14 10:09:54',0),
	(421,'405554','Game Console: Xbox 360 4Gb (No Controller)',0,0,NULL,105,NULL,NULL,'2013-09-14 10:20:55','2013-09-14 10:20:55',0),
	(425,'404965','Laptop: HP DV6-1246TX',0,0,NULL,320,NULL,NULL,'2013-09-14 10:30:29','2013-09-14 10:30:29',0),
	(429,'392638','SPEAKER MESSA BOGGIE QUAD ',1,0,NULL,790,NULL,'ProudCo','2013-09-16 11:59:02','2013-09-16 14:59:36',0),
	(433,'400937','laptop toshiba satellite',1,0,NULL,450,NULL,'ProudCo','2013-09-16 12:03:35','2013-09-16 12:59:10',0),
	(437,'385397','mixer vestax pmc05pro3',1,0,NULL,350,NULL,'ProudCo','2013-09-16 12:07:36','2013-09-16 12:59:10',0),
	(441,'382625','portable fridge lumina luxc45b ',1,0,NULL,350,NULL,'ProudCo','2013-09-16 12:12:12','2013-09-16 12:59:10',0),
	(445,'360545','saxophone I&K alto',1,0,NULL,340,NULL,'ProudCo','2013-09-16 12:16:29','2013-09-16 12:59:10',0),
	(449,'390644','tablet sony sgpt111',1,0,NULL,299,NULL,'ProudCo','2013-09-16 12:20:21','2013-09-16 12:59:10',0),
	(453,'358235','electrolux iornaid system edi96150w',1,0,NULL,290,NULL,'ProudCo','2013-09-16 12:33:00','2013-09-16 12:59:10',0),
	(457,'330852','guitar amplifer megatone tube t64rs',1,0,NULL,290,NULL,'ProudCo','2013-09-16 12:35:51','2013-09-16 12:59:10',0),
	(461,'330657','jackhammer milwaukee l900',1,0,NULL,280,NULL,'ProudCo','2013-09-16 12:38:23','2013-09-16 12:59:10',0),
	(465,'384864','mig welder telwin bimax 4110',1,0,NULL,270,NULL,'ProudCo','2013-09-16 12:40:44','2013-09-16 12:59:10',0),
	(469,'392189','mobile phone iphone 32gig ',1,0,NULL,260,NULL,'ProudCo','2013-09-16 12:44:01','2013-09-16 12:59:10',0),
	(473,'396977','mobile phone iphone 32gig',1,0,NULL,260,NULL,'ProudCo','2013-09-16 12:45:30','2013-09-16 12:59:10',0),
	(477,'356881','guitar amplifer peavy ecoustic 112',1,0,NULL,250,NULL,'ProudCo','2013-09-16 12:47:53','2013-09-16 12:59:10',0),
	(481,'342641','speaker box kustom quad pro412a ',1,0,NULL,250,NULL,'ProudCo','2013-09-16 12:50:58','2013-09-16 12:59:10',0),
	(485,'379856','bbq black&Stone convection ',1,0,NULL,230,NULL,'ProudCo','2013-09-16 12:57:58','2013-09-16 12:59:10',0),
	(489,'352316','hammer drill bosch gbm232',1,0,NULL,230,NULL,'ProudCo','2013-09-16 13:01:25','2013-09-16 14:58:22',0),
	(493,'390422','xbox slim 360 250gig',1,0,NULL,230,NULL,'ProudCo','2013-09-16 13:05:12','2013-09-16 14:58:22',0),
	(497,'388847','xbox slim 360 250gig',1,0,NULL,230,NULL,'ProudCo','2013-09-16 13:08:35','2013-09-16 14:58:22',0),
	(501,'370111','computer keyboard mk300 yr0002',1,0,NULL,1,NULL,'ProudCo','2013-09-16 13:12:22','2013-09-16 14:58:22',0),
	(505,'400686','computer keyboard logitech mk320 ',1,0,NULL,1,NULL,'ProudCo','2013-09-16 13:13:41','2013-09-16 14:58:22',0),
	(509,'349559','gps navigon 40easy',1,0,NULL,1,NULL,'ProudCo','2013-09-16 13:16:50','2013-09-16 14:58:22',0),
	(513,'397294','xbox slim 360 250gig',1,0,NULL,329,NULL,'ProudCo','2013-09-16 13:18:31','2013-09-16 14:58:22',0),
	(517,'391364','xbox slim 360 250gig',1,0,NULL,220,NULL,'ProudCo','2013-09-16 13:20:05','2013-09-16 14:58:22',0),
	(521,'336651','LENS CAMERA NIKON 18 70MM ',1,0,NULL,210,NULL,'ProudCo','2013-09-16 13:22:21','2013-09-16 14:58:22',0),
	(525,'398169','mobile phone iphone 16gig ',1,0,NULL,189,NULL,'ProudCo','2013-09-16 13:23:59','2013-09-16 14:58:22',0),
	(529,'379509','WATER PUMP CLAYTECH BLUETRON 100',1,0,NULL,180,NULL,'ProudCo','2013-09-16 13:27:13','2013-09-16 14:58:22',0),
	(533,'341871','SURFBOARD SIMMON ',1,0,NULL,180,NULL,'ProudCo','2013-09-16 14:01:11','2013-09-16 14:58:22',0),
	(537,'395475','SLUSHIE MACHINE RETRO SERIES 50S STYLE',1,0,NULL,1,NULL,'ProudCo','2013-09-16 14:05:32','2013-09-16 14:58:22',0),
	(541,'360380','RIDING JACKET DRIRIDER REACTOR S ',1,0,NULL,165,NULL,'ProudCo','2013-09-16 14:08:53','2013-09-16 14:58:22',0),
	(545,'319573','RIDING PANTS IXON IGUANE S',1,0,NULL,165,NULL,'ProudCo','2013-09-16 14:10:58','2013-09-16 14:58:22',0),
	(549,'378148','HAMMER DRILL HATACHI DH22PB',1,0,NULL,155,NULL,'ProudCo','2013-09-16 14:13:16','2013-09-16 14:58:22',0),
	(553,'363464','COMMERICAL DRINK MAKER ',1,0,NULL,150,NULL,'ProudCo','2013-09-16 14:23:17','2013-09-16 14:58:22',0),
	(557,'386692','ROUTER BLACK & DECKER KW900EXE',1,0,NULL,120,NULL,'ProudCo','2013-09-16 14:25:47','2013-09-16 14:58:22',0),
	(561,'395590','SADDLE STATUS',1,0,NULL,110,NULL,'ProudCo','2013-09-16 14:28:20','2013-09-16 14:58:22',0),
	(565,'382801','RIDING JACKET DRIRIDER NORDIC PRO M',1,0,NULL,85,NULL,'ProudCo','2013-09-16 14:31:36','2013-09-16 16:06:46',0),
	(569,'387482','TATOO KIT IN HARD CASE  ',1,0,NULL,110,NULL,'ProudCo','2013-09-16 14:38:08','2013-09-16 14:58:22',0),
	(573,'379506','DRILL HITLI SF4000 DRYWALL',1,0,NULL,105,NULL,'ProudCo','2013-09-16 14:44:30','2013-09-16 14:58:22',0),
	(577,'340098','SURFBOARD LUKE SHORT ',1,0,NULL,100,NULL,'ProudCo','2013-09-16 14:49:15','2013-09-16 14:58:22',0),
	(581,'360381','RIDING PANTS GT RACTOR ',1,0,NULL,100,NULL,'ProudCo','2013-09-16 14:52:08','2013-09-16 14:58:22',0),
	(585,'334750','LIGHTER ZIPPO ',1,0,NULL,9,NULL,'ProudCo','2013-09-16 14:53:49','2013-09-16 14:58:22',0),
	(589,'352500','IPOD 8GIG A1320 ',0,1,NULL,69,29,'ProudCo','2013-09-16 14:55:09','2013-09-19 16:21:09',0),
	(593,'318089','LAMP',1,0,NULL,1,NULL,'ProudCo','2013-09-16 14:56:57','2013-09-16 14:58:22',0),
	(597,'401150','ROYBI CORDLESS DRILL',1,0,NULL,1,NULL,NULL,'2013-09-16 15:14:48','2013-09-16 15:14:48',0),
	(601,'332714','FISHING REEL LATITUDE SDTL15',1,0,NULL,99,NULL,NULL,'2013-09-16 15:17:50','2013-09-16 15:19:00',0),
	(605,'396078','CAMERA PRIMOS TRUTH CAM 46 63020',1,0,NULL,95,NULL,NULL,'2013-09-16 15:27:30','2013-09-16 15:27:30',0),
	(609,'270318','FISHING REEL ROVEX AUREUS 6500',1,0,NULL,1,NULL,NULL,'2013-09-16 15:40:27','2013-09-16 15:40:27',0),
	(613,'336266','FISHING REEL SHIMANO BC200',1,0,NULL,1,NULL,NULL,'2013-09-16 15:42:05','2013-09-16 15:42:05',0),
	(617,'367472','HELMET KBC ',1,0,NULL,95,NULL,NULL,'2013-09-16 15:45:28','2013-09-16 15:45:28',0),
	(621,'280226','HELMET SHARK ',1,0,NULL,90,NULL,NULL,'2013-09-16 15:50:30','2013-09-16 15:50:30',0),
	(625,'332737','RIDING JACKET MOTODRY NITRO',1,0,NULL,85,NULL,NULL,'2013-09-16 15:55:05','2013-09-16 15:55:05',0),
	(629,'354592','RIDING JACKET SHIFT CATALINA',1,0,NULL,85,NULL,NULL,'2013-09-16 15:57:22','2013-09-16 15:57:22',0),
	(633,'355178','RIDING JACKET RJAYS OCTANE L ',1,0,NULL,80,NULL,NULL,'2013-09-16 16:03:31','2013-09-16 16:03:31',0),
	(637,'406781','Game: Wii - Super Mario Bros Wii (No Cover)',0,0,NULL,29,NULL,NULL,'2013-09-17 11:05:19','2013-09-17 11:05:19',0),
	(641,'403512','Video Camera: JVC GRDVL100EA (Error E04)',0,0,NULL,59,NULL,NULL,'2013-09-17 12:01:09','2013-09-17 12:01:09',0),
	(645,'368527','aston quad box',0,1,NULL,140,13,NULL,'2013-09-17 15:52:17','2013-09-18 08:26:32',1),
	(649,'392328','game tiger woods',0,1,NULL,4,13,NULL,'2013-09-17 15:52:39','2013-09-18 08:26:32',1),
	(653,'373236','game turning point ',0,1,NULL,4,13,NULL,'2013-09-17 15:52:57','2013-09-18 08:26:32',1),
	(657,'390722','milk frother',0,1,NULL,1,13,NULL,'2013-09-17 15:53:39','2013-09-18 08:26:32',1),
	(661,'398959','coffe machine',0,1,NULL,69,13,NULL,'2013-09-17 15:54:13','2013-09-18 08:26:32',1),
	(665,'348566','dvd sancturay',0,1,NULL,15,13,NULL,'2013-09-17 15:54:38','2013-09-18 08:26:32',1),
	(669,'398859','yamaha trumpet',0,1,NULL,241,13,NULL,'2013-09-17 15:55:03','2013-09-18 08:26:32',1),
	(673,'390099','fuji film camera',0,1,NULL,82,13,NULL,'2013-09-17 15:55:35','2013-09-18 08:26:32',1),
	(677,'391678','sanyo camera',0,1,NULL,33,13,NULL,'2013-09-17 15:55:54','2013-09-18 08:26:32',1),
	(681,'349758','lazer level geo',0,1,NULL,485,13,NULL,'2013-09-17 15:56:18','2013-09-18 08:26:32',1),
	(685,'392935','kodak camera',0,1,NULL,23,13,NULL,'2013-09-17 15:56:43','2013-09-18 08:26:32',1),
	(689,'386091','game cricket',0,1,NULL,20,13,NULL,'2013-09-17 15:57:11','2013-09-18 08:26:32',1),
	(693,'361512','remote sony',0,1,NULL,16,13,NULL,'2013-09-17 15:57:33','2013-09-18 08:26:32',1),
	(697,'400729','marance amp',0,1,NULL,31,13,NULL,'2013-09-17 15:58:13','2013-09-18 08:26:32',1),
	(701,'383933','watch bella',0,1,NULL,21,13,NULL,'2013-09-17 15:58:34','2013-09-18 08:26:32',1),
	(705,'392354','table wacom ',0,1,NULL,61,13,NULL,'2013-09-17 15:58:55','2013-09-18 08:26:32',1),
	(709,'400080','game call of duty',0,1,NULL,30,13,NULL,'2013-09-17 15:59:23','2013-09-18 08:26:32',1),
	(713,'383915','watch marylin monro',0,1,NULL,17,13,NULL,'2013-09-17 15:59:52','2013-09-18 08:26:32',1),
	(717,'390332','wii fit board',0,1,NULL,18,13,NULL,'2013-09-17 16:00:16','2013-09-18 08:26:32',1),
	(721,'362532','dewalt drill',0,1,NULL,60,13,NULL,'2013-09-17 16:01:30','2013-09-18 08:26:32',1),
	(725,'402695','wheel chair',0,1,NULL,59,13,NULL,'2013-09-17 16:02:11','2013-09-18 08:26:32',1),
	(729,'402694','wheel chair',0,1,NULL,59,13,NULL,'2013-09-17 16:02:33','2013-09-18 08:26:32',1),
	(733,'407491','misc ebay sales',0,1,NULL,151,17,NULL,'2013-09-17 16:06:42','2013-09-18 08:32:09',1),
	(737,'401816','Tv Vivo',1,0,NULL,1,NULL,'ProudCo','2013-09-18 11:24:45','2013-09-18 11:40:55',0),
	(741,'364554','Sony Video Camera',1,0,NULL,1,NULL,'ProudCo','2013-09-18 11:42:41','2013-09-18 11:42:54',0),
	(745,'398617','headset turtlebeach',1,0,NULL,1,NULL,'PT','2013-09-18 12:11:48','2013-09-18 12:11:59',0),
	(749,'348250','Samsung Video Camera',1,0,NULL,49,NULL,'ProudCo','2013-09-18 12:14:16','2013-09-18 12:14:32',0),
	(753,'372428','Salter Steamer',1,0,NULL,39,NULL,'ProudCo','2013-09-18 12:48:48','2013-09-18 12:49:11',0),
	(757,'385231','Saeco Coffee Machine',1,0,NULL,1,NULL,'ProudCo','2013-09-18 12:53:01','2013-09-18 12:53:15',0),
	(761,'386017','router linksys',1,0,NULL,20,NULL,'PT','2013-09-18 12:58:39','2013-09-18 12:58:59',0),
	(765,'400645','Guitar: No Make (Broken)',0,0,NULL,40,NULL,NULL,'2013-09-18 13:17:21','2013-09-18 13:17:21',0),
	(769,'405056','Heater: PlugZ PCVH2000',0,0,NULL,29,NULL,NULL,'2013-09-18 14:42:11','2013-09-18 14:42:11',0),
	(773,'341109','Homemaker Coffee Machine',1,0,NULL,1,NULL,'ProudCo','2013-09-18 15:20:45','2013-09-18 15:21:03',0),
	(777,'371824','Gaggia Coffee Machiine',1,0,NULL,1,NULL,'ProudCo','2013-09-18 15:41:37','2013-09-18 15:42:25',0),
	(781,'403452','Welder: Hobby Arc 140',0,0,NULL,89,NULL,NULL,'2013-09-18 15:41:38','2013-09-18 15:41:38',0),
	(785,'394145','Hilti Drill',0,1,NULL,392,25,NULL,'2013-09-18 15:45:52','2013-09-18 16:11:44',0),
	(789,'368667','Canon Digital Camera',0,1,NULL,36,25,NULL,'2013-09-18 15:50:09','2013-09-18 16:11:44',0),
	(793,'372092','Canon Digital Camera',0,1,NULL,41,25,NULL,'2013-09-18 15:50:34','2013-09-18 16:11:44',0),
	(797,'374778','Xbox Game - Pure',0,1,NULL,14,25,NULL,'2013-09-18 15:54:12','2013-09-18 16:11:44',0),
	(801,'391741','Xbox Game - Pure',0,1,NULL,10,25,NULL,'2013-09-18 15:54:43','2013-09-18 16:11:44',0),
	(805,'370124','Icon Whipper Snipper',0,1,NULL,7,25,NULL,'2013-09-18 15:55:06','2013-09-18 16:11:44',0),
	(809,'317833','Studio Acoustics Speakers',0,1,NULL,64,25,NULL,'2013-09-18 15:55:44','2013-09-18 16:11:44',0),
	(813,'398265','Nokia Mobile Phone',0,1,NULL,42,25,NULL,'2013-09-18 15:56:31','2013-09-18 16:11:44',0),
	(817,'360412','Telstra Charger',0,1,NULL,9,25,NULL,'2013-09-18 15:56:58','2013-09-18 16:11:44',0),
	(821,'370468','Trisco Trimming Light',0,1,NULL,28,25,NULL,'2013-09-18 15:57:24','2013-09-18 16:11:44',0),
	(825,'344106','Didgeroo',0,1,NULL,95,25,NULL,'2013-09-18 15:57:46','2013-09-18 16:11:44',0),
	(829,'382047','Watch Mark Naimer',0,1,NULL,11,25,NULL,'2013-09-18 15:58:54','2013-09-18 16:11:44',0),
	(833,'383925','Watch K & Bros Ice',0,1,NULL,18,25,NULL,'2013-09-18 15:59:19','2013-09-18 16:11:44',0),
	(837,'407766','nostalgia Ice Machine',0,1,NULL,20,25,NULL,'2013-09-18 16:05:09','2013-09-18 16:11:44',0),
	(841,'405955','Heater: Mistral MCH112400TA',0,0,NULL,19,NULL,NULL,'2013-09-18 16:49:06','2013-09-18 16:49:06',0),
	(845,'383179','HELMET THH TX10 S',1,0,NULL,69,NULL,'ProudCo','2013-09-19 09:59:42','2013-09-19 10:53:57',0),
	(849,'358920','WII FIT BOARD RVL021',1,0,NULL,66,NULL,'ProudCo','2013-09-19 10:05:12','2013-09-19 10:53:57',0),
	(853,'340300','PERCUSSION DRILL DEWALT DW500XE',1,0,NULL,65,NULL,'ProudCo','2013-09-19 10:09:17','2013-09-19 10:53:57',0),
	(857,'372099','HELMET HJC DOT CS10',1,0,NULL,65,NULL,'ProudCo','2013-09-19 10:14:11','2013-09-19 10:53:57',0),
	(861,'404629','Heater: omega altise OPM20E',0,0,NULL,15,NULL,NULL,'2013-09-19 10:15:14','2013-09-19 10:15:14',0),
	(865,'388096','AIR DRILL SCORPION SX530',1,0,NULL,59,NULL,'ProudCo','2013-09-19 10:17:20','2013-09-19 10:53:57',0),
	(869,'407788','Australian Army Badges',0,0,NULL,99,NULL,NULL,'2013-09-19 10:18:10','2013-09-19 10:18:10',0),
	(873,'385076','MONITOR HP COMPAQ W185Q',1,0,NULL,59,NULL,'ProudCo','2013-09-19 10:21:08','2013-09-19 10:53:57',0),
	(877,'384452','DIDGERIDOO TURTLE DESIGN',1,0,NULL,59,NULL,'ProudCo','2013-09-19 10:25:34','2013-09-19 10:53:57',0),
	(881,'387741','MOBILE PHONE ZTE T60',1,0,NULL,59,NULL,'ProudCo','2013-09-19 10:29:03','2013-09-19 10:53:10',0),
	(885,'341314','AIR WRENCH HEAVY DUTY',1,0,NULL,58,NULL,'ProudCo','2013-09-19 10:32:00','2013-09-19 10:53:10',0),
	(889,'393954','Scales Precision',1,0,NULL,1,NULL,'Tracey','2013-09-19 10:33:03','2013-09-19 10:34:03',0),
	(893,'393984','Scales Precision',1,0,NULL,1,NULL,'Tracey','2013-09-19 10:33:40','2013-09-19 10:34:03',0),
	(897,'385738','ps2 sony',1,0,NULL,1,NULL,'PT','2013-09-19 10:34:48','2013-09-19 10:36:17',0),
	(901,'394661','ps2 sony',1,0,NULL,1,NULL,'PT','2013-09-19 10:35:22','2013-09-19 10:36:17',0),
	(905,'402163','ps2 sony',1,0,NULL,1,NULL,'PT','2013-09-19 10:35:58','2013-09-19 10:36:17',0),
	(909,'406852','Bike: Carso WB124',0,0,NULL,35,NULL,NULL,'2013-09-19 10:36:08','2013-09-19 10:36:08',0),
	(913,'406652','Bike: Mongoose Rockadile',0,0,NULL,49,NULL,NULL,'2013-09-19 10:36:56','2013-09-19 10:36:56',0),
	(917,'381272','381272',1,0,NULL,59,NULL,NULL,'2013-09-19 10:37:05','2013-09-19 10:37:05',0),
	(921,'406653','Bike: Malvern Hurricane SS',0,0,NULL,49,NULL,NULL,'2013-09-19 10:37:40','2013-09-19 10:37:40',0),
	(925,'399183','mp3 dse',1,0,NULL,1,NULL,'PT','2013-09-19 10:38:07','2013-09-19 10:38:21',0),
	(929,'405446','Bike: Giant Warp',0,0,NULL,89,NULL,NULL,'2013-09-19 10:38:21','2013-09-19 10:38:21',0),
	(933,'405897','Bike: GT Avalance 2.0',0,0,NULL,79,NULL,NULL,'2013-09-19 10:39:14','2013-09-19 10:39:14',0),
	(937,'406301','Bike: Southerstar Perigee',0,0,NULL,19,NULL,NULL,'2013-09-19 10:40:08','2013-09-19 10:40:08',0),
	(941,'361072','NAIL GUN SUPATOOL F50',1,0,NULL,50,NULL,'ProudCo','2013-09-19 10:48:22','2013-09-19 10:53:57',0),
	(945,'366013','CAMERA LENS ROWA 46MM SUPER TELE',1,0,NULL,50,NULL,'ProudCo','2013-09-19 10:52:10','2013-09-19 10:53:10',0),
	(949,'357025','MONITOR BENQ FP92W',1,0,NULL,50,NULL,'ProudCo','2013-09-19 10:57:38','2013-09-19 11:23:10',0),
	(953,'406818','Lathe GMF K1440',0,0,NULL,130,NULL,NULL,'2013-09-19 10:59:25','2013-09-19 10:59:25',0),
	(957,'406264','Outboard Motor Mariner 30ML',0,0,NULL,449,NULL,NULL,'2013-09-19 11:00:25','2013-09-19 11:00:25',0),
	(961,'398394','WALKIE TALKIE ORICOM PMR780RD',1,0,NULL,45,NULL,'ProudCo','2013-09-19 11:00:53','2013-09-19 11:23:10',0),
	(965,'316729','SPEAKERS DSE',1,0,NULL,1,NULL,NULL,'2013-09-19 11:01:49','2013-09-19 11:01:49',0),
	(969,'322663','HELMET M2R 0X800',1,0,NULL,45,NULL,'ProudCo','2013-09-19 11:06:37','2013-09-19 11:23:10',0),
	(973,'343667','TRANSFORMER PROSTAR PRT-500',1,0,NULL,45,NULL,'ProudCo','2013-09-19 11:09:27','2013-09-19 11:23:10',0),
	(977,'370465','MONITOR ACER P191W',1,0,NULL,42,NULL,'ProudCo','2013-09-19 11:12:28','2013-09-19 11:23:10',0),
	(981,'335589','Coffee Machine Breville',1,0,NULL,1,NULL,'ProudCo','2013-09-19 11:15:28','2013-09-19 11:16:59',0),
	(985,'371531','Coffee Machine kambrook',1,0,NULL,1,NULL,'ProudCo','2013-09-19 11:16:01','2013-09-19 11:16:59',0),
	(989,'355290','Coffee Machine Breville',1,0,NULL,10,NULL,'ProudCo','2013-09-19 11:16:22','2013-09-19 11:16:59',0),
	(993,'396009','Coffee Machine Lavazza',1,0,NULL,1,NULL,'ProudCo','2013-09-19 11:16:48','2013-09-19 11:16:59',0),
	(997,'398276','PLAQUE MARK SKAIFE LIMITED EDITION',1,0,NULL,40,NULL,'ProudCo','2013-09-19 11:18:43','2013-09-19 11:23:10',0),
	(1001,'383610','Unicycle Torker',1,0,NULL,49,NULL,'Tracey','2013-09-19 11:19:55','2013-09-19 11:22:24',0),
	(1005,'382816','Subwoofer - LG',1,0,NULL,1,NULL,'Tracey','2013-09-19 11:22:04','2013-09-19 11:22:24',0),
	(1009,'352129','HELMET MCR XS',1,0,NULL,59,NULL,'ProudCo','2013-09-19 11:24:44','2013-09-19 11:38:19',0),
	(1013,'401269','TEA SET FB ROGERS SILVER CO',1,0,NULL,39,NULL,'ProudCo','2013-09-19 11:27:37','2013-09-19 11:38:19',0),
	(1017,'366182','HELMET M2R SX100',1,0,NULL,39,NULL,'ProudCo','2013-09-19 11:32:28','2013-09-19 11:38:19',0),
	(1021,'383866','MONITOR HP L1750',1,0,NULL,35,NULL,'ProudCo','2013-09-19 11:35:36','2013-09-19 11:38:19',0),
	(1025,'348779','FAN  TEMPO',1,0,NULL,35,NULL,'ProudCo','2013-09-19 11:37:12','2013-09-19 11:38:19',0),
	(1029,'396579','Playstation 2 Sony',1,0,NULL,1,NULL,'ProudCo','2013-09-19 11:37:59','2013-09-19 11:38:19',0),
	(1033,'402245','dvd  recorder LG',1,0,NULL,1,NULL,'PT','2013-09-19 11:40:08','2013-09-19 11:40:27',0),
	(1037,'355596','MONITOR HP FP1707',1,0,NULL,35,NULL,'ProudCo','2013-09-19 11:41:22','2013-09-19 11:56:57',0),
	(1041,'366579','BBQ  PATIO JAMIE JURIE',1,0,NULL,29,NULL,'ProudCo','2013-09-19 11:44:33','2013-09-19 11:56:57',0),
	(1045,'344904','DVD BOX SET HEROES SEASON 1',1,0,NULL,15,NULL,'ProudCo','2013-09-19 11:49:09','2013-09-19 11:56:57',0),
	(1049,'366332','DVD BOX SET HEROES SEASON 2',1,0,NULL,15,NULL,'ProudCo','2013-09-19 11:49:44','2013-09-19 11:56:57',0),
	(1053,'394703','Compressor Black Ridge BR77',0,0,NULL,69,NULL,NULL,'2013-09-19 11:53:09','2013-09-19 11:53:09',0),
	(1057,'292732','GAME TONY HAWK RIDE PS3',1,0,NULL,55,NULL,'ProudCo','2013-09-19 11:54:36','2013-09-19 11:56:57',0),
	(1061,'381638','Sub w 5 speakers VIVID',1,0,NULL,1,NULL,'Tracey','2013-09-19 11:56:12','2013-09-19 11:56:31',0),
	(1065,'377667','GAME WII PAPER MARIO',1,0,NULL,29,NULL,'ProudCo','2013-09-19 11:58:07','2013-09-19 12:14:55',0),
	(1069,'372434','GAME PS3 FIFA 08/09',1,0,NULL,13,NULL,'ProudCo','2013-09-19 12:06:57','2013-09-19 12:14:55',0),
	(1073,'391714','GAME PS3 FIFA 10/11',1,0,NULL,13,NULL,'ProudCo','2013-09-19 12:07:58','2013-09-19 12:14:55',0),
	(1077,'360072','MONITOR SAMSUNG 173V',1,0,NULL,25,NULL,'ProudCo','2013-09-19 12:10:21','2013-09-19 12:14:55',0),
	(1081,'388071','Console Xbox Original',1,0,NULL,39,NULL,'ProudCo','2013-09-19 12:14:29','2013-09-19 12:14:55',0),
	(1085,'361605','MONITOR BENQ FP76712',1,0,NULL,25,NULL,'ProudCo','2013-09-19 12:17:37','2013-09-19 14:49:50',0),
	(1089,'351484','GAME WII RESIDENT EVIL: THE UMBRELLA CHRONICLES',1,0,NULL,23,NULL,'ProudCo','2013-09-19 12:22:21','2013-09-19 14:49:50',0),
	(1093,'359405','DVD BOX SET NURSE JACKIE SEASON 1',1,0,NULL,17,NULL,'ProudCo','2013-09-19 12:23:51','2013-09-19 14:49:50',0),
	(1097,'337128','GAME PS3 FINAL FANTASY XIII',1,0,NULL,17,NULL,'ProudCo','2013-09-19 12:25:05','2013-09-19 14:49:50',0),
	(1101,'348889','DVD BOX SET LA INK COLLECTION 2',1,0,NULL,16,NULL,'ProudCo','2013-09-19 12:32:17','2013-09-19 14:49:50',0),
	(1105,'357416','DVD BOX SET ANGEL SEASON 3',1,0,NULL,15,NULL,'ProudCo','2013-09-19 12:38:11','2013-09-19 14:49:50',0),
	(1109,'401822','ROUTER JIG',1,0,NULL,80,NULL,'PT','2013-09-19 12:41:55','2013-09-19 12:42:12',0),
	(1113,'403773','GOLF CLUBS AND BAG  YOUTH CONFIDENCE',1,0,NULL,15,NULL,'ProudCo','2013-09-19 14:24:32','2013-09-19 14:49:50',0),
	(1117,'362984','DVD BOX SET HEROES SEASON 1',1,0,NULL,15,NULL,'ProudCo','2013-09-19 14:28:30','2013-09-19 14:49:50',0),
	(1121,'386652','Lens: Minolta AF100200',0,0,NULL,99,NULL,NULL,'2013-09-19 14:36:37','2013-09-19 14:36:37',0),
	(1125,'370198','GAME PC BRAINIVERSITY',1,0,NULL,13,NULL,'ProudCo','2013-09-19 14:49:16','2013-09-19 14:49:50',0),
	(1129,'388942','FLASK BUNDABERG RUM',1,0,NULL,12,NULL,'ProudCo','2013-09-19 14:53:57','2013-09-19 16:17:29',0),
	(1133,'396928','OARS SMALL',1,0,NULL,10,NULL,'ProudCo','2013-09-19 14:57:12','2013-09-19 16:17:29',0),
	(1137,'381041','GAME WII FIFA 10',1,0,NULL,10,NULL,'ProudCo','2013-09-19 15:00:26','2013-09-19 16:17:29',0),
	(1141,'373619','GAME WII FIFA 11',1,0,NULL,10,NULL,'ProudCo','2013-09-19 15:01:49','2013-09-19 16:17:29',0),
	(1145,'392933','GAME WII WII FIT',1,0,NULL,10,NULL,'ProudCo','2013-09-19 15:03:43','2013-09-19 16:17:29',0),
	(1149,'391729','GAME WII ROCK BAND',1,0,NULL,12,NULL,'ProudCo','2013-09-19 15:08:54','2013-09-19 16:17:29',0),
	(1153,'384613','GAME PS3 ASSASSINS CREED',1,0,NULL,10,NULL,'ProudCo','2013-09-19 15:11:11','2013-09-19 16:17:29',0),
	(1157,'381040','GAME WII WII FIT',1,0,NULL,9,NULL,'ProudCo','2013-09-19 15:13:47','2013-09-19 16:17:29',0),
	(1161,'387251','BLURAY BOX SET MRS. BROWN\'S BOYS SEASON 2',1,0,NULL,9,NULL,'ProudCo','2013-09-19 15:15:56','2013-09-19 16:17:29',0),
	(1165,'366290','DVD BOX SET AMERICAN CHOPPER TOOL BOX 5',1,0,NULL,9,NULL,'ProudCo','2013-09-19 15:17:39','2013-09-19 16:17:29',0),
	(1169,'371580','GAME WII BIG BEACH SPORTS 2',1,0,NULL,9,NULL,'ProudCo','2013-09-19 15:19:30','2013-09-19 16:17:29',0),
	(1173,'346701','GAME WII SHAUN WHITE SNOWBOARDING: ROAD TRIP',1,0,NULL,8,NULL,'ProudCo','2013-09-19 15:24:02','2013-09-19 16:17:29',0),
	(1177,'396491','GAME WII BIG BEACH SPORTS',1,0,NULL,8,NULL,'ProudCo','2013-09-19 15:25:46','2013-09-19 16:17:29',0),
	(1181,'385120','GAME WII FIFA 09 ALL-PLAY',1,0,NULL,6,NULL,'ProudCo','2013-09-19 15:28:28','2013-09-19 16:17:29',0),
	(1185,'366527','GAME PS3 BAND HERO',1,0,NULL,6,NULL,'ProudCo','2013-09-19 15:30:37','2013-09-19 16:17:29',0),
	(1189,'370978','GAME WII FIFA 08',1,0,NULL,6,NULL,'ProudCo','2013-09-19 15:32:45','2013-09-19 16:17:29',0),
	(1193,'297638','GAME WII TOP SPIN 3',1,0,NULL,6,NULL,'ProudCo','2013-09-19 15:34:53','2013-09-19 16:17:29',0),
	(1197,'365581','GAME WII TOP SPIN 3',1,0,NULL,6,NULL,'ProudCo','2013-09-19 15:36:33','2013-09-19 16:17:29',0),
	(1201,'389214','GAME WII TOP SPIN 3',1,0,NULL,5,NULL,'ProudCo','2013-09-19 15:39:13','2013-09-19 16:17:29',0),
	(1205,'392644','GAME PS3 2010 FIFA WORLD CUP SOUTH AFRICA',1,0,NULL,5,NULL,'ProudCo','2013-09-19 15:40:40','2013-09-19 16:17:29',0),
	(1209,'337186','GAME 360 KINECT ADVENTURES',1,0,NULL,4,NULL,'ProudCo','2013-09-19 15:42:05','2013-09-19 16:17:29',0),
	(1213,'372480','GAME PS3 FIFA 09',1,0,NULL,4,NULL,'ProudCo','2013-09-19 15:43:56','2013-09-19 16:17:29',0),
	(1217,'372176','GAME WII BIG BEACH SPORTS',1,0,NULL,4,NULL,'ProudCo','2013-09-19 15:45:37','2013-09-19 16:17:29',0),
	(1221,'374744','GAME 360 KINECT ADVENTURES',1,0,NULL,4,NULL,'ProudCo','2013-09-19 15:47:40','2013-09-19 16:17:29',0),
	(1225,'364684','GAME PS3 DJ HERO 2',1,0,NULL,4,NULL,'ProudCo','2013-09-19 15:49:57','2013-09-19 16:17:29',0),
	(1229,'365797','GAME PS3 FIFA 09',1,0,NULL,3,NULL,'ProudCo','2013-09-19 15:52:03','2013-09-19 16:17:29',0),
	(1233,'381109','GAME PS3 FIFA 08',1,0,NULL,4,NULL,'ProudCo','2013-09-19 15:54:02','2013-09-19 16:17:29',0),
	(1237,'400505','LAPTOP SONY VPCF115FG',1,0,NULL,1,NULL,'ProudCo','2013-09-19 16:00:03','2013-09-19 16:17:29',0),
	(1241,'384195','GAME PS3 DJ HERO 2',1,0,NULL,9,NULL,'ProudCo','2013-09-19 16:02:50','2013-09-19 16:17:29',0),
	(1245,'394257','Game My Sims',0,1,NULL,17,29,'ProudCo','2013-09-19 16:16:42','2013-09-19 16:21:09',0),
	(1249,'378228','PS3 Game Assasins Creed',0,1,NULL,18,29,'ProudCo','2013-09-19 16:19:16','2013-09-19 16:21:09',0),
	(1253,'316895','SANDWICH MAKER HOMEMAKER TXS021',1,0,NULL,1,NULL,'ProudCo','2013-09-20 09:07:29','2013-09-20 09:36:05',0),
	(1257,'394093','TV PLASMA HITACHI 42D580DTA',1,0,NULL,1,NULL,'ProudCo','2013-09-20 09:15:24','2013-09-20 09:26:02',0),
	(1261,'401396','Laptop: Compaq CQ61115TU (Screen flickers, loose vid cable)',0,0,NULL,199,NULL,NULL,'2013-09-20 09:23:32','2013-09-20 09:23:32',0),
	(1265,'367874','DVD PLAYER BULK LOT FAULTY',1,0,NULL,1,NULL,'ProudCo','2013-09-20 09:24:25','2013-09-20 09:26:02',0),
	(1269,'406838','Pressure Cleaner: Karcher 350 (No Pressure)',0,0,NULL,79,NULL,NULL,'2013-09-20 09:25:18','2013-09-20 09:25:18',0),
	(1273,'362535','Air Bed No Make',1,0,NULL,1,NULL,'ProudCo','2013-09-20 09:25:45','2013-09-20 09:26:02',0),
	(1277,'399215','NECK CHAIN YELLOW 9CT 0.9G',0,0,NULL,59,NULL,NULL,'2013-09-20 09:28:16','2013-09-20 09:31:02',0),
	(1281,'380487','NECK CHAIN YELLOW 18CT 1G',0,0,NULL,62,NULL,NULL,'2013-09-20 09:30:50','2013-09-20 09:30:50',0),
	(1285,'403456','DVD Player: Sony DVP-SR200p',0,0,NULL,19,NULL,NULL,'2013-09-20 09:32:05','2013-09-20 09:32:05',0),
	(1289,'380804','NECK CHAIN YELLOW 9CT 0.6G',0,0,NULL,44,NULL,NULL,'2013-09-20 09:34:21','2013-09-20 09:34:21',0),
	(1293,'403534','Compressor: 300PSI MNV (Not inflating car tire?)',0,0,NULL,15,NULL,NULL,'2013-09-20 09:35:47','2013-09-20 09:35:47',0),
	(1297,'385500','NECK CHAIN YELLOW 9CT 0.9G 1*PINK STONE',0,0,NULL,44,NULL,NULL,'2013-09-20 09:37:19','2013-09-20 09:37:19',0),
	(1301,'361163','NECK CHAIN YELLOW 9CT 1.1G',0,0,NULL,44,NULL,NULL,'2013-09-20 09:39:01','2013-09-20 09:39:01',0),
	(1305,'407931','Helmet: Kylin (Green)(Sticker?)',0,0,NULL,39,NULL,NULL,'2013-09-20 09:40:51','2013-09-20 09:40:51',0),
	(1309,'406827','NECK CHAIN YELLOW 9CT 1.3G',0,0,NULL,59,NULL,NULL,'2013-09-20 09:40:52','2013-09-20 09:40:52',0),
	(1313,'406730','Gameboy Color',0,0,NULL,19,NULL,NULL,'2013-09-20 09:42:27','2013-09-20 09:42:27',0),
	(1317,'366224','NECK CHAIN YELLOW 9CT 1.1G',0,0,NULL,44,NULL,NULL,'2013-09-20 09:42:50','2013-09-20 09:42:50',0),
	(1321,'406733','Gameboy: Pokemon Blue',0,0,NULL,29,NULL,NULL,'2013-09-20 09:42:57','2013-09-20 09:42:57',0),
	(1325,'406732','Gameboy: Pokemon Red',0,0,NULL,29,NULL,NULL,'2013-09-20 09:43:17','2013-09-20 09:43:17',0),
	(1329,'375429','Air Conditioner Delonghi',1,0,NULL,359,NULL,'ProudCo','2013-09-20 09:44:52','2013-09-20 09:45:08',0),
	(1333,'370901','GAS COOKER TRAIL MASTER',1,0,NULL,1,NULL,'ProudCo','2013-09-20 09:46:20','2013-09-20 09:57:52',0),
	(1337,'407349','Laptop: HP G62032TX (Missing < Key, Line on screen)',0,0,NULL,99,NULL,NULL,'2013-09-20 09:48:23','2013-09-20 09:48:23',0),
	(1341,'400800','GOLF CLUBS LEFT HANDED AND BAG  ',1,0,NULL,1,NULL,'ProudCo','2013-09-20 09:56:25','2013-09-20 09:57:52',0),
	(1345,'407932','Ammo Case: 155MM HOW M1',0,0,NULL,39,NULL,NULL,'2013-09-20 09:57:16','2013-09-20 09:57:16',0),
	(1349,'405164','Office Chair No Make',1,0,NULL,1,NULL,'ProudCo','2013-09-20 09:57:26','2013-09-20 09:57:52',0),
	(1353,'403235','GOLF BAG PILGRIM GOLF',1,0,NULL,1,NULL,'ProudCo','2013-09-20 09:59:07','2013-09-20 10:02:45',0),
	(1357,'388382','SIERRA MODEM',1,0,NULL,25,NULL,'Tracey','2013-09-20 10:01:44','2013-09-20 10:02:01',0),
	(1361,'405166','Office Chair No Make',1,0,NULL,1,NULL,'ProudCo','2013-09-20 10:02:32','2013-09-20 10:02:45',0),
	(1365,'337259','BLURAY SHERLOCK HOLMES',1,0,NULL,8,NULL,NULL,'2013-09-20 10:06:56','2013-09-20 10:06:56',0),
	(1369,'255771','WELDER GMC N380',1,0,NULL,72,NULL,NULL,'2013-09-20 10:21:07','2013-09-20 10:21:07',0);

/*!40000 ALTER TABLE `stock_items` ENABLE KEYS */;
UNLOCK TABLES;


# Dump of table stocktakes
# ------------------------------------------------------------

DROP TABLE IF EXISTS `stocktakes`;

CREATE TABLE `stocktakes` (
  `id` int(10) unsigned NOT NULL AUTO_INCREMENT,
  `found_items` int(11) DEFAULT NULL,
  `unfound_items` int(11) DEFAULT NULL,
  `created_at` timestamp NOT NULL DEFAULT '0000-00-00 00:00:00',
  `updated_at` timestamp NOT NULL DEFAULT '0000-00-00 00:00:00',
  PRIMARY KEY (`id`)
) ENGINE=InnoDB DEFAULT CHARSET=utf8 COLLATE=utf8_unicode_ci;

LOCK TABLES `stocktakes` WRITE;
/*!40000 ALTER TABLE `stocktakes` DISABLE KEYS */;

INSERT INTO `stocktakes` (`id`, `found_items`, `unfound_items`, `created_at`, `updated_at`)
VALUES
	(1,NULL,NULL,'2013-09-10 08:51:50','2013-09-10 08:51:50'),
	(5,NULL,NULL,'2013-09-18 08:44:25','2013-09-18 08:44:25'),
	(9,NULL,NULL,'2013-09-18 08:50:29','2013-09-18 08:50:29'),
	(13,NULL,NULL,'2013-09-18 08:57:20','2013-09-18 08:57:20'),
	(17,NULL,NULL,'2013-09-18 09:05:01','2013-09-18 09:05:01');

/*!40000 ALTER TABLE `stocktakes` ENABLE KEYS */;
UNLOCK TABLES;


# Dump of table transactions
# ------------------------------------------------------------

DROP TABLE IF EXISTS `transactions`;

CREATE TABLE `transactions` (
  `id` int(10) unsigned NOT NULL AUTO_INCREMENT,
  `cash` int(11) DEFAULT NULL,
  `bank_transfer` int(11) DEFAULT NULL,
  `eftpos` int(11) DEFAULT NULL,
  `paypal` int(11) DEFAULT NULL,
  `total` int(11) NOT NULL,
  `created_at` timestamp NOT NULL DEFAULT '0000-00-00 00:00:00',
  `updated_at` timestamp NOT NULL DEFAULT '0000-00-00 00:00:00',
  PRIMARY KEY (`id`)
) ENGINE=InnoDB DEFAULT CHARSET=utf8 COLLATE=utf8_unicode_ci;

LOCK TABLES `transactions` WRITE;
/*!40000 ALTER TABLE `transactions` DISABLE KEYS */;

INSERT INTO `transactions` (`id`, `cash`, `bank_transfer`, `eftpos`, `paypal`, `total`, `created_at`, `updated_at`)
VALUES
	(13,327,NULL,NULL,1162,1489,'2013-09-18 08:25:12','2013-09-18 08:26:32'),
	(17,33,33,NULL,85,151,'2013-09-18 08:30:19','2013-09-18 08:32:09'),
	(21,NULL,NULL,NULL,392,392,'2013-09-18 15:48:58','2013-09-18 15:48:58'),
	(25,49,NULL,NULL,738,787,'2013-09-18 16:10:28','2013-09-18 16:11:44'),
	(29,NULL,NULL,NULL,104,104,'2013-09-19 16:20:31','2013-09-19 16:21:09');

/*!40000 ALTER TABLE `transactions` ENABLE KEYS */;
UNLOCK TABLES;


# Dump of table users
# ------------------------------------------------------------

DROP TABLE IF EXISTS `users`;

CREATE TABLE `users` (
  `id` int(10) unsigned NOT NULL AUTO_INCREMENT,
  `email` varchar(255) COLLATE utf8_unicode_ci NOT NULL,
  `password` varchar(60) COLLATE utf8_unicode_ci NOT NULL,
  `created_at` timestamp NOT NULL DEFAULT '0000-00-00 00:00:00',
  `updated_at` timestamp NOT NULL DEFAULT '0000-00-00 00:00:00',
  PRIMARY KEY (`id`)
) ENGINE=InnoDB DEFAULT CHARSET=utf8 COLLATE=utf8_unicode_ci;

LOCK TABLES `users` WRITE;
/*!40000 ALTER TABLE `users` DISABLE KEYS */;

INSERT INTO `users` (`id`, `email`, `password`, `created_at`, `updated_at`)
VALUES
	(1,'ryanmurrayemail@gmail.com','$2y$08$mWcfvAWDoTy.HPJtY853PuL1LhYj1q5KAouvTMNBsXkQhPCN9/z0i','2013-09-09 14:17:04','2013-09-09 14:17:04'),
	(5,'dmcm_murray@yahoo.com.au','$2y$08$6b17K1ImZDeM3tWlg5iGUOY5ktKTKstYlBg0Db0rr7uHcoE2eujo2','2013-09-09 14:32:14','2013-09-09 14:32:14');

/*!40000 ALTER TABLE `users` ENABLE KEYS */;
UNLOCK TABLES;



/*!40111 SET SQL_NOTES=@OLD_SQL_NOTES */;
/*!40101 SET SQL_MODE=@OLD_SQL_MODE */;
/*!40014 SET FOREIGN_KEY_CHECKS=@OLD_FOREIGN_KEY_CHECKS */;
/*!40101 SET CHARACTER_SET_CLIENT=@OLD_CHARACTER_SET_CLIENT */;
/*!40101 SET CHARACTER_SET_RESULTS=@OLD_CHARACTER_SET_RESULTS */;
/*!40101 SET COLLATION_CONNECTION=@OLD_COLLATION_CONNECTION */;
